Touptek;Altair;OmegonPro;Rising;OMGA
0a12 X01200KPA;0b2b GPCAMAR0130C;1003 GUIDE1200C;0a12 X01200KPA;92b7 AP26CC
0a51 X05100KPA;0b2c AAGFIMX185C;1004 GUIDE1200M;0a51 X05100KPA;92b8 AP26CC(USB2.0)
1002 GPCMOS01200KMA;0b2d AAGFIMX185C(USB2.0);1005 GUIDE1200C;1002 GPCMOS01200KMA;92bf AP26MC
1003 GPCMOS01200KPB;0b4c GPCAMAR0130M;106b veTEC16000C;1003 GPCMOS01200KPB;92c0 AP26MC(USB2.0)
1004 GPCMOS01200KMB;0b4d ALTAIRH224C;106d veTEC16000M;1004 GPCMOS01200KMB;93da AP26CC
1005 GPCMOS01200KPC;0b4e ALTAIRH224C(USB2.0);1075 veTEC16000C(USB2.0);1005 GPCMOS01200KPC;93db AP26CC(USB2.0)
1007 G3CMOS01200KPA;0b4f ALTAIRGP130C;1076 veTEC16000M(USB2.0);1007 G3CMOS01200KPA;9428 AP26MC
1008 G3CMOS02300KPB;0b8b ALTAIRGP130M;10fe GUIDE2000C;1008 G3CMOS02300KPB;9429 AP26MC(USB2.0)
1009 G3CMOS02300KPC;0b8c ALTAIRGP224C;10ff GUIDE2000M;1009 G3CMOS02300KPC;bf10 FILTERWHEEL
100a G3CMOS02300KMC;0b8d ALTAIRH174M;115a veLOX178C;100a G3CMOS02300KMC;
100b G3CMOS06300KPA;0b8e ALTAIRH174M(USB2.0);115b veLOX178C(USB2.0);100b G3CMOS06300KPA;
100c G3CMOS01200KPA(USB2.0);0b8f ALTAIRH618M;115c veLOX178M;100c G3CMOS01200KPA(USB2.0);
100d G3CMOS02300KPB(USB2.0);0c10 ALTAIRH618C;115d veLOX178M(USB2.0);100d G3CMOS02300KPB(USB2.0);
100e G3CMOS02300KPC(USB2.0);0c11 ALTAIRH178M;115e veLOX290C;100e G3CMOS02300KPC(USB2.0);
100f G3CMOS02300KMC(USB2.0);0c12 ALTAIRH178M(USB2.0);115f veLOX290C(USB2.0);100f G3CMOS02300KMC(USB2.0);
1010 G3CMOS06300KPA(USB2.0);0c13 ALTAIRH178C;1160 veLOX290M;1010 G3CMOS06300KPA(USB2.0);
1012 MTR3CCD06000KMA;0c14 ALTAIRH178C(USB2.0);1161 veLOX290M(USB2.0);1012 MTR3CCD06000KMA;
1015 MTR3CCD02800KPA;0c15 AA1600C;1162 veLOX224C;1015 MTR3CCD02800KPA;
1016 MTR3CCD02800KMA;0c16 AA1600C(USB2.0);1163 veLOX224C(USB2.0);1016 MTR3CCD02800KMA;
101a MTR3CCD01400KMA;0c70 AA1600M;1176 veLOX287C;101a MTR3CCD01400KMA;
101b MTR3CCD01400KPB;0c71 AA1600M(USB2.0);1177 veLOX287C(USB2.0);101b MTR3CCD01400KPB;
101c MTR3CCD01400KMB;0c76 ALTAIRGP290C;1178 veLOX287M;101c MTR3CCD01400KMB;
101d MTR3CCD09000KPA;0c77 ALTAIRH183C;1179 veLOX287M(USB2.0);101d MTR3CCD09000KPA;
1021 MTR3CCD12000KPA;0c78 ALTAIRH183C(USB2.0);117a veLOX385C;1021 MTR3CCD12000KPA;
1022 MTR3CCD12000KMA;0c79 ALTAIRGP290M;117b veLOX385C(USB2.0);1022 MTR3CCD12000KMA;
1026 MTR3CCD06000KMA(USB2.0);0c7a ALTAIR178C3;11ca veLOX178C;1026 MTR3CCD06000KMA(USB2.0);
1029 MTR3CCD02800KPA(USB2.0);0c7b ALTAIR178C3(USB2.0);11cb veLOX178C(USB2.0);1029 MTR3CCD02800KPA(USB2.0);
102a MTR3CCD02800KMA(USB2.0);0c7c ALTAIR178M3;11cc veLOX178M;102a MTR3CCD02800KMA(USB2.0);
102e MTR3CCD01400KMA(USB2.0);0c7d ALTAIR178M3(USB2.0);11cd veLOX178M(USB2.0);102e MTR3CCD01400KMA(USB2.0);
102f MTR3CCD01400KPB(USB2.0);0c7e ALTAIR290C3;11ea veTEC16000C;102f MTR3CCD01400KPB(USB2.0);
1030 MTR3CCD01400KMB(USB2.0);0c7f ALTAIR290C3(USB2.0);11eb veTEC16000C(USB2.0);1030 MTR3CCD01400KMB(USB2.0);
1031 MTR3CCD09000KPA(USB2.0);0c80 ALTAIR290M3;11f6 veTEC16000M;1031 MTR3CCD09000KPA(USB2.0);
1035 MTR3CCD12000KPA(USB2.0);0c81 ALTAIR290M3(USB2.0);11f7 veTEC16000M(USB2.0);1035 MTR3CCD12000KPA(USB2.0);
1036 MTR3CCD12000KMA(USB2.0);0c82 ALTAIR224C3;1219 GUIDE2000C;1036 MTR3CCD12000KMA(USB2.0);
1039 ATR3CCD06000KPA;0c83 ALTAIR224C3(USB2.0);1249 veTEC432C;1039 ATR3CCD06000KPA;
103a ATR3CCD06000KMA;0c84 AA1600C;124a veTEC432C(USB2.0);103a ATR3CCD06000KMA;
104d ATR3CCD06000KPA(USB2.0);0c85 AA1600C(USB2.0);124d veTEC432M;104d ATR3CCD06000KPA(USB2.0);
104e ATR3CCD06000KMA(USB2.0);0c86 AA1600M;124e veTEC432M(USB2.0);104e ATR3CCD06000KMA(USB2.0);
1063 MTR3CMOS16000KPA;0c87 AA1600M(USB2.0);12bf veTEC571M;1063 MTR3CMOS16000KPA;
1064 MTR3CMOS16000KMA;0d30 ALTAIR287M3;12c0 veTEC571M(USB2.0);1064 MTR3CMOS16000KMA;
1067 MTR3CMOS16000KPA(USB2.0);0d31 ALTAIR287M3(USB2.0);12e0 veTEC455C;1067 MTR3CMOS16000KPA(USB2.0);
1068 MTR3CMOS16000KMA(USB2.0);0d32 ALTAIR385C3;12e1 veTEC455C(USB2.0);1068 MTR3CMOS16000KMA(USB2.0);
106b ATR3CMOS16000KPA;0d33 ALTAIR385C3(USB2.0);12e2 veTEC455M;106b ATR3CMOS16000KPA;
106d ATR3CMOS16000KMA;0d34 ALTAIRH183C;12e3 veTEC455M(USB2.0);106d ATR3CMOS16000KMA;
1075 ATR3CMOS16000KPA(USB2.0);0d35 ALTAIRH183C(USB2.0);12e4 veTEC410C;1075 ATR3CMOS16000KPA(USB2.0);
1076 ATR3CMOS16000KMA(USB2.0);0d36 ALTAIRH174M;12e5 veTEC410C(USB2.0);1076 ATR3CMOS16000KMA(USB2.0);
107c U3CMOS16000KPB;0d37 ALTAIRH174M(USB2.0);1367 GUIDE2000C;107c U3CMOS16000KPB;
107d U3CMOS16000KMB;0d38 ALTAIRH183M;1369 GUIDE2000C;107d U3CMOS16000KMB;
107e U3CMOS16000KPB(USB2.0);0d39 ALTAIRH183M(USB2.0);b122 GUIDE1200bC;107e U3CMOS16000KPB(USB2.0);
107f U3CMOS16000KMB(USB2.0);0d3a AAGFIMX185C;b123 GUIDE1200bC;107f U3CMOS16000KMB(USB2.0);
1082 U3CCD01400KPB;0d3b AAGFIMX185C(USB2.0);b124 GUIDE1200bM;1082 U3CCD01400KPB;
1083 U3CCD01400KMB;0d80 ALTAIR178C3;b133 GUIDE1200bC;1083 U3CCD01400KMB;
1085 U3CCD02800KMA;0d81 ALTAIR178C3(USB2.0);b134 GUIDE1200bM;1085 U3CCD02800KMA;
1088 U3CCD06000KPA;0d82 ALTAIR178M3;b136 GUIDE1200bM;1088 U3CCD06000KPA;
1089 U3CCD06000KMA;0d83 ALTAIR178M3(USB2.0);bf10 FILTERWHEEL;1089 U3CCD06000KMA;
108c U3CCD09000KPA;0d84 AA294CPRO;;108c U3CCD09000KPA;
1090 U3CCD12000KPA;0d85 AA294CPRO(USB2.0);;1090 U3CCD12000KPA;
1096 U3CCD01400KPB(USB2.0);0d86 AA183CPROTEC;;1096 U3CCD01400KPB(USB2.0);
1097 U3CCD01400KMB(USB2.0);0d87 AA183CPROTEC(USB2.0);;1097 U3CCD01400KMB(USB2.0);
1099 U3CCD02800KMA(USB2.0);0d88 AA183CPRO;;1099 U3CCD02800KMA(USB2.0);
109c U3CCD06000KPA(USB2.0);0d89 AA183CPRO(USB2.0);;109c U3CCD06000KPA(USB2.0);
109d U3CCD06000KMA(USB2.0);0d8a AA183MPRO;;109d U3CCD06000KMA(USB2.0);
10a0 U3CCD09000KPA(USB2.0);0d8b AA183MPRO(USB2.0);;10a0 U3CCD09000KPA(USB2.0);
10a4 U3CCD12000KPA(USB2.0);0d8c AA183MPROTEC;;10a4 U3CCD12000KPA(USB2.0);
10a8 E3CMOS05000KPA;0d8d AA183MPROTEC(USB2.0);;10a8 E3CMOS05000KPA;
10a9 E3CMOS05000KMA;0d8e AA1600MPROTEC;;10a9 E3CMOS05000KMA;
10aa E3CMOS05000KPA(USB2.0);0d8f AA1600MPROTEC(USB2.0);;10aa E3CMOS05000KPA(USB2.0);
10ab E3CMOS05000KMA(USB2.0);0d92 AA294CPROTEC;;10ab E3CMOS05000KMA(USB2.0);
10b9 ICMOS03100KPB;0d93 AA294CPROTEC(USB2.0);;10b9 ICMOS03100KPB;
10c1 I3CMOS01200KPA;0df9 AA294CPROTEC;;10c1 I3CMOS01200KPA;
10c7 I3CMOS03100KPA;0dfa AA294CPROTEC(USB2.0);;10c7 I3CMOS03100KPA;
10c8 I3CMOS03100KMA;0dfb AA294CPRO;;10c8 I3CMOS03100KMA;
10ca I3CMOS05000KMA;0dfc AA294CPRO(USB2.0);;10ca I3CMOS05000KMA;
10ce I3CMOS01200KPA(USB2.0);0dfd AA432CPROTEC;;10ce I3CMOS01200KPA(USB2.0);
10d4 I3CMOS03100KPA(USB2.0);0dfe AA432CPROTEC(USB2.0);;10d4 I3CMOS03100KPA(USB2.0);
10d5 I3CMOS03100KMA(USB2.0);0dff AA432MPROTEC;;10d5 I3CMOS03100KMA(USB2.0);
10d7 I3CMOS05000KMA(USB2.0);0e00 AA432MPROTEC(USB2.0);;10d7 I3CMOS05000KMA(USB2.0);
10f6 G3CMOS06300KMA;0e01 AA428CPROTEC;;10f6 G3CMOS06300KMA;
10f7 G3CMOS06300KMA(USB2.0);0e02 AA428CPROTEC(USB2.0);;10f7 G3CMOS06300KMA(USB2.0);
10f8 E3CMOS06300KMA;0e03 AA428MPROTEC;;10f8 E3CMOS06300KMA;
10f9 E3CMOS06300KMA(USB2.0);0e04 AA428MPROTEC(USB2.0);;10f9 E3CMOS06300KMA(USB2.0);
10fe GPCMOS02000KPA;0e05 ALTAIRGP327C;;10fe GPCMOS02000KPA;
10ff GPCMOS02000KMA;0e06 AA269CPROTEC;;10ff GPCMOS02000KMA;
1100 EP3CMOS06300KPA;0e07 AA269CPROTEC(USB2.0);;1100 EP3CMOS06300KPA;
1101 EP3CMOS06300KPA(USB2.0);0f09 AA26CTEC;;1101 EP3CMOS06300KPA(USB2.0);
1102 G3CMOS16000KPA;0f0a AA26CTEC(USB2.0);;1102 G3CMOS16000KPA;
1103 G3CMOS16000KPA(USB2.0);0f0f AA269CPRO;;1103 G3CMOS16000KPA(USB2.0);
1104 G3CMOS16000KMA;0f10 AA269CPRO(USB2.0);;1104 G3CMOS16000KMA;
1105 G3CMOS16000KMA(USB2.0);0f65 AA533CPROTEC;;1105 G3CMOS16000KMA(USB2.0);
1106 ECMOS02000KPA;0f66 AA533CPROTEC(USB2.0);;1106 ECMOS02000KPA;
1107 ECMOS03100KPA;0f67 AA61MFX;;1107 ECMOS03100KPA;
1108 ECMOS05300KPA;0f68 AA61MFX(USB2.0);;1108 ECMOS05300KPA;
110d E3CMOS01200KPA;0f69 ALTAIR462C3;;110d E3CMOS01200KPA;
110e E3CMOS01200KPA(USB2.0);0f6a ALTAIR462C3(USB2.0);;110e E3CMOS01200KPA(USB2.0);
110f ECMOS01200KPA;0f6b AA61CFX;;110f ECMOS01200KPA;
1110 E3CMOS20000KPA;0f6c AA61CFX(USB2.0);;1110 E3CMOS20000KPA;
1111 E3CMOS20000KPA(USB2.0);0f6d AA294MPROTEC;;1111 E3CMOS20000KPA(USB2.0);
1112 G3CMOS20000KPA;0f6e AA294MPROTEC(USB2.0);;1112 G3CMOS20000KPA;
1113 G3CMOS20000KPA(USB2.0);0f6f GPCAM225C;;1113 G3CMOS20000KPA(USB2.0);
1114 ATR3CMOS20000KPA;0f70 AA24CFX;;1114 ATR3CMOS20000KPA;
1115 ATR3CMOS20000KPA(USB2.0);0f71 AA24CFX(USB2.0);;1115 ATR3CMOS20000KPA(USB2.0);
1116 MTR3CMOS20000KPA;0f72 AA26MTEC;;1116 MTR3CMOS20000KPA;
1117 MTR3CMOS20000KPA(USB2.0);0f73 AA26MTEC(USB2.0);;1117 MTR3CMOS20000KPA(USB2.0);
111a E3ISPM06300KPA;0f74 ALTAIR287C3;;111a E3ISPM06300KPA;
111b E3ISPM06300KPA(USB2.0);0f75 ALTAIR287C3(USB2.0);;111b E3ISPM06300KPA(USB2.0);
111c E3ISPM05000KPA;1010 AA485CPRO;;111c E3ISPM05000KPA;
111d E3ISPM05000KPA(USB2.0);1011 AA485CPRO(USB2.0);;111d E3ISPM05000KPA(USB2.0);
1122 E3ISPM20000KPA;1012 GPCAM225C;;1122 E3ISPM20000KPA;
1123 E3ISPM20000KPA(USB2.0);1013 ALTAIRGP290C;;1123 E3ISPM20000KPA(USB2.0);
1134 E3ISPM12000KPA;1015 ALTAIRGP327C;;1134 E3ISPM12000KPA;
1135 E3ISPM12000KPA(USB2.0);1016 AA533MTEC;;1135 E3ISPM12000KPA(USB2.0);
1138 E3ISPM03100KPA;1017 AA533MTEC(USB2.0);;1138 E3ISPM03100KPA;
1139 E3ISPM03100KPA(USB2.0);1018 AA26CTEC;;1139 E3ISPM03100KPA(USB2.0);
113a E3ISPM03100KPB;1019 AA26CTEC(USB2.0);;113a E3ISPM03100KPB;
113b E3ISPM03100KPB(USB2.0);101a AA428CPROTEC;;113b E3ISPM03100KPB(USB2.0);
113c U3ISPM16000KPA;101b AA428CPROTEC(USB2.0);;113c U3ISPM16000KPA;
113d U3ISPM16000KPA(USB2.0);101c FILTERWHEEL;;113d U3ISPM16000KPA(USB2.0);
113e U3ISPM16000KPB;101d AA26MTEC;;113e U3ISPM16000KPB;
113f U3ISPM16000KPB(USB2.0);101e AA26MTEC(USB2.0);;113f U3ISPM16000KPB(USB2.0);
1142 U3ISPM18000KPA;101f AA533MTEC;;1142 U3ISPM18000KPA;
1143 U3ISPM18000KPA(USB2.0);1020 AA533MTEC(USB2.0);;1143 U3ISPM18000KPA(USB2.0);
1144 E3CMOS02300KMC;1021 AA533CPROTEC;;1144 E3CMOS02300KMC;
1145 E3CMOS02300KMC(USB2.0);1022 AA533CPROTEC(USB2.0);;1145 E3CMOS02300KMC(USB2.0);
1146 AF3CMOS06300KPA;1023 AA294CPROTEC;;1146 AF3CMOS06300KPA;
1147 AF3CMOS06300KPA(USB2.0);11c4 AA294MPROTEC;;1147 AF3CMOS06300KPA(USB2.0);
1148 U3CMOS10000KMA;11c5 AA294MPROTEC(USB2.0);;1148 U3CMOS10000KMA;
1149 U3CMOS10000KMA(USB2.0);11ca AA183CPROTEC;;1149 U3CMOS10000KMA(USB2.0);
114c E3ISPM05000KPA;11cb AA183CPROTEC(USB2.0);;114c E3ISPM05000KPA;
114d E3ISPM05000KPA(USB2.0);11d6 AA183MPROTEC;;114d E3ISPM05000KPA(USB2.0);
114e EP3CMOS20000KPA;11d7 AA183MPROTEC(USB2.0);;114e EP3CMOS20000KPA;
114f EP3CMOS20000KPA(USB2.0);16d0 AA294CPROTEC(USB2.0);;114f EP3CMOS20000KPA(USB2.0);
1150 EP3CMOS06300KMA;b121 GPCAMMT9M034M;;1150 EP3CMOS06300KMA;
1151 EP3CMOS06300KMA(USB2.0);b122 GPCAMAR0130C;;1151 EP3CMOS06300KMA(USB2.0);
1152 EP3CMOS02300KMC;b123 GPCAMAR0130C;;1152 EP3CMOS02300KMC;
1153 EP3CMOS02300KMC(USB2.0);b124 GPCAMAR0130M;;1153 EP3CMOS02300KMC(USB2.0);
1154 EP3CMOS02300KPC;b134 GPCAMAR0130M;;1154 EP3CMOS02300KPC;
1155 EP3CMOS02300KPC(USB2.0);b135 GPCAMMT9M034M;;1155 EP3CMOS02300KPC(USB2.0);
1156 MG3CMOS02300KPA;;;1156 MG3CMOS02300KPA;
1157 MG3CMOS02300KPA(USB2.0);;;1157 MG3CMOS02300KPA(USB2.0);
1158 MG3CMOS16000KPA;;;1158 MG3CMOS16000KPA;
1159 MG3CMOS16000KPA(USB2.0);;;1159 MG3CMOS16000KPA(USB2.0);
115a G3M178C;;;115a G3M178C;
115b G3M178C(USB2.0);;;115b G3M178C(USB2.0);
115c G3M178M;;;115c G3M178M;
115d G3M178M(USB2.0);;;115d G3M178M(USB2.0);
115e G3M290C;;;115e G3M290C;
115f G3M290C(USB2.0);;;115f G3M290C(USB2.0);
1160 G3M290M;;;1160 G3M290M;
1161 G3M290M(USB2.0);;;1161 G3M290M(USB2.0);
1162 G3M224C;;;1162 G3M224C;
1163 G3M224C(USB2.0);;;1163 G3M224C(USB2.0);
1168 U3CMOS16000KMB;;;1168 U3CMOS16000KMB;
1169 U3CMOS16000KMB(USB2.0);;;1169 U3CMOS16000KMB(USB2.0);
116a E3ISPM09000KPA;;;116a E3ISPM09000KPA;
116b E3ISPM09000KPA(USB2.0);;;116b E3ISPM09000KPA(USB2.0);
116c E3ISPM08300KPA;;;116c E3ISPM08300KPA;
116d E3ISPM08300KPA(USB2.0);;;116d E3ISPM08300KPA(USB2.0);
116e E3CMOS00400KMA;;;116e E3CMOS00400KMA;
116f E3CMOS00400KMA(USB2.0);;;116f E3CMOS00400KMA(USB2.0);
1170 E3CMOS00400KPA;;;1170 E3CMOS00400KPA;
1171 E3CMOS00400KPA(USB2.0);;;1171 E3CMOS00400KPA(USB2.0);
1172 E3CMOS05000KMA;;;1172 E3CMOS05000KMA;
1173 E3CMOS05000KMA(USB2.0);;;1173 E3CMOS05000KMA(USB2.0);
1174 E3CMOS03100KMC;;;1174 E3CMOS03100KMC;
1175 E3CMOS03100KMC(USB2.0);;;1175 E3CMOS03100KMC(USB2.0);
1176 G3M287C;;;1176 G3M287C;
1177 G3M287C(USB2.0);;;1177 G3M287C(USB2.0);
1178 G3M287M;;;1178 G3M287M;
1179 G3M287M(USB2.0);;;1179 G3M287M(USB2.0);
117a G3M385C;;;117a G3M385C;
117b G3M385C(USB2.0);;;117b G3M385C(USB2.0);
117c ECMOS08300KPA;;;117c ECMOS08300KPA;
117d ECMOS06600KPA;;;117d ECMOS06600KPA;
117e EP3CMOS00400KMA;;;117e EP3CMOS00400KMA;
117f EP3CMOS00400KMA(USB2.0);;;117f EP3CMOS00400KMA(USB2.0);
1180 EP3CMOS00400KPA;;;1180 EP3CMOS00400KPA;
1181 EP3CMOS00400KPA(USB2.0);;;1181 EP3CMOS00400KPA(USB2.0);
1182 G3CMOS16000KPA;;;1182 G3CMOS16000KPA;
1183 G3CMOS16000KPA(USB2.0);;;1183 G3CMOS16000KPA(USB2.0);
1184 G3CMOS16000KMA;;;1184 G3CMOS16000KMA;
1185 G3CMOS16000KMA(USB2.0);;;1185 G3CMOS16000KMA(USB2.0);
1186 UA310CA;;;1186 UA310CA;
1187 UA510CA;;;1187 UA510CA;
1188 UA1000CA;;;1188 UA1000CA;
1189 UA1600CA;;;1189 UA1600CA;
118a E3ISPM12300KPA;;;118a E3ISPM12300KPA;
118b E3ISPM12300KPA(USB2.0);;;118b E3ISPM12300KPA(USB2.0);
119c G3CMOS02300KMC;;;119c G3CMOS02300KMC;
119d G3CMOS02300KMC(USB2.0);;;119d G3CMOS02300KMC(USB2.0);
11a0 G3CMOS20000KMA;;;11a0 G3CMOS20000KMA;
11a1 G3CMOS20000KMA(USB2.0);;;11a1 G3CMOS20000KMA(USB2.0);
11a2 G3CMOS20000KPA;;;11a2 G3CMOS20000KPA;
11a3 G3CMOS20000KPA(USB2.0);;;11a3 G3CMOS20000KPA(USB2.0);
11c0 E3ISPM02000KPA;;;11c0 E3ISPM02000KPA;
11c1 E3ISPM02000KPA(USB2.0);;;11c1 E3ISPM02000KPA(USB2.0);
11c2 G3CMOS02300KPA;;;11c2 G3CMOS02300KPA;
11c3 G3CMOS02300KPA(USB2.0);;;11c3 G3CMOS02300KPA(USB2.0);
11c4 I3ISPM12000KPA;;;11c4 I3ISPM12000KPA;
11c5 I3ISPM12000KPA(USB2.0);;;11c5 I3ISPM12000KPA(USB2.0);
11c6 G3CMOS10300KPA;;;11c6 G3CMOS10300KPA;
11c7 G3CMOS10300KPA(USB2.0);;;11c7 G3CMOS10300KPA(USB2.0);
11c8 U3CMOS16000KPB;;;11c8 U3CMOS16000KPB;
11c9 U3CMOS16000KPB(USB2.0);;;11c9 U3CMOS16000KPB(USB2.0);
11ca G3M178C;;;11ca G3M178C;
11cb G3M178C(USB2.0);;;11cb G3M178C(USB2.0);
11cc G3M178M;;;11cc G3M178M;
11cd G3M178M(USB2.0);;;11cd G3M178M(USB2.0);
11ce E3CMOS01500KMA;;;11ce E3CMOS01500KMA;
11cf E3CMOS01500KMA(USB2.0);;;11cf E3CMOS01500KMA(USB2.0);
11d0 E3ISPM01500KPA;;;11d0 E3ISPM01500KPA;
11d1 E3ISPM01500KPA(USB2.0);;;11d1 E3ISPM01500KPA(USB2.0);
11d2 ATR3CMOS20000KMA;;;11d2 ATR3CMOS20000KMA;
11d3 ATR3CMOS20000KMA(USB2.0);;;11d3 ATR3CMOS20000KMA(USB2.0);
11d4 MTR3CCD01400KPB;;;11d4 MTR3CCD01400KPB;
11d5 MTR3CCD01400KPB(USB2.0);;;11d5 MTR3CCD01400KPB(USB2.0);
11de E3CMOS20000KMA;;;11de E3CMOS20000KMA;
11df E3CMOS20000KMA(USB2.0);;;11df E3CMOS20000KMA(USB2.0);
11e0 ATR3CMOS16000KPB;;;11e0 ATR3CMOS16000KPB;
11e1 ATR3CMOS16000KPB(USB2.0);;;11e1 ATR3CMOS16000KPB(USB2.0);
11e4 BigEye10000KPA;;;11e4 BigEye10000KPA;
11e5 BigEye10000KPA(USB2.0);;;11e5 BigEye10000KPA(USB2.0);
11e6 G3CMOS20000KPA;;;11e6 G3CMOS20000KPA;
11e7 G3CMOS20000KPA(USB2.0);;;11e7 G3CMOS20000KPA(USB2.0);
11ea ATR3CMOS16000KPA;;;11ea ATR3CMOS16000KPA;
11eb ATR3CMOS16000KPA(USB2.0);;;11eb ATR3CMOS16000KPA(USB2.0);
11ec G3CMOS20000KMA;;;11ec G3CMOS20000KMA;
11ed G3CMOS20000KMA(USB2.0);;;11ed G3CMOS20000KMA(USB2.0);
11ee MTR3CMOS20000KMA;;;11ee MTR3CMOS20000KMA;
11ef MTR3CMOS20000KMA(USB2.0);;;11ef MTR3CMOS20000KMA(USB2.0);
11f0 MTR3CMOS16000KPA;;;11f0 MTR3CMOS16000KPA;
11f1 MTR3CMOS16000KPA(USB2.0);;;11f1 MTR3CMOS16000KPA(USB2.0);
11f2 MTR3CMOS16000KPA;;;11f2 MTR3CMOS16000KPA;
11f3 MTR3CMOS16000KPA(USB2.0);;;11f3 MTR3CMOS16000KPA(USB2.0);
11f4 MTR3CMOS16000KMA;;;11f4 MTR3CMOS16000KMA;
11f5 MTR3CMOS16000KMA(USB2.0);;;11f5 MTR3CMOS16000KMA(USB2.0);
11f6 ATR3CMOS16000KMA;;;11f6 ATR3CMOS16000KMA;
11f7 ATR3CMOS16000KMA(USB2.0);;;11f7 ATR3CMOS16000KMA(USB2.0);
11f8 E3CMOS01200KPA;;;11f8 E3CMOS01200KPA;
11f9 E3CMOS01200KPA(USB2.0);;;11f9 E3CMOS01200KPA(USB2.0);
11fa E3ISPM08300KPB;;;11fa E3ISPM08300KPB;
11fb E3ISPM08300KPB(USB2.0);;;11fb E3ISPM08300KPB(USB2.0);
11fc UCMOS01300KPA;;;11fc UCMOS01300KPA;
11fd ATR3CMOS10300KPA;;;11fd ATR3CMOS10300KPA;
11fe ATR3CMOS10300KPA(USB2.0);;;11fe ATR3CMOS10300KPA(USB2.0);
11ff MTR3CMOS10300KPA;;;11ff MTR3CMOS10300KPA;
1200 MTR3CMOS10300KPA(USB2.0);;;1200 MTR3CMOS10300KPA(USB2.0);
1201 E3CMOS12300KMA;;;1201 E3CMOS12300KMA;
1202 E3CMOS12300KMA(USB2.0);;;1202 E3CMOS12300KMA(USB2.0);
1203 BigEye4200KMB;;;1203 BigEye4200KMB;
1204 BigEye4200KMB(USB2.0);;;1204 BigEye4200KMB(USB2.0);
1205 BigEye4200KMA;;;1205 BigEye4200KMA;
1206 BigEye4200KMA(USB2.0);;;1206 BigEye4200KMA(USB2.0);
1207 LCMOS01300KPA;;;1207 LCMOS01300KPA;
1208 ECMOS05000KPA;;;1208 ECMOS05000KPA;
1209 I3ISPM01500KPA;;;1209 I3ISPM01500KPA;
120a I3ISPM01500KPA(USB2.0);;;120a I3ISPM01500KPA(USB2.0);
120b I3CMOS01500KMA;;;120b I3CMOS01500KMA;
120c I3CMOS01500KMA(USB2.0);;;120c I3CMOS01500KMA(USB2.0);
120d I3ISPM02000KPA;;;120d I3ISPM02000KPA;
120e I3ISPM02000KPA(USB2.0);;;120e I3ISPM02000KPA(USB2.0);
120f C3CMOS05100KPA;;;120f C3CMOS05100KPA;
1210 C3CMOS05100KPA(USB2.0);;;1210 C3CMOS05100KPA(USB2.0);
1213 G3CMOS16000KPA;;;1213 G3CMOS16000KPA;
1214 G3CMOS16000KPA(USB2.0);;;1214 G3CMOS16000KPA(USB2.0);
1215 G3CMOS16000KMA;;;1215 G3CMOS16000KMA;
1216 G3CMOS16000KMA(USB2.0);;;1216 G3CMOS16000KMA(USB2.0);
1217 E3ISPM06300KPB;;;1217 E3ISPM06300KPB;
1218 E3ISPM06300KPB(USB2.0);;;1218 E3ISPM06300KPB(USB2.0);
1219 GPCMOS02000KPB;;;1219 GPCMOS02000KPB;
121a ATR3CMOS10300KPA;;;121a ATR3CMOS10300KPA;
121b ATR3CMOS10300KPA(USB2.0);;;121b ATR3CMOS10300KPA(USB2.0);
121c MTR3CMOS10300KPA;;;121c MTR3CMOS10300KPA;
121d MTR3CMOS10300KPA(USB2.0);;;121d MTR3CMOS10300KPA(USB2.0);
121e G3CMOS10300KPA;;;121e G3CMOS10300KPA;
121f G3CMOS10300KPA(USB2.0);;;121f G3CMOS10300KPA(USB2.0);
1220 ECMOS08300KPA;;;1220 ECMOS08300KPA;
1221 IUA6300KPA;;;1221 IUA6300KPA;
1222 IUA6300KPA(USB2.0);;;1222 IUA6300KPA(USB2.0);
1223 IUA6300KMA;;;1223 IUA6300KMA;
1224 IUA6300KMA(USB2.0);;;1224 IUA6300KMA(USB2.0);
1225 IUA20000KPA;;;1225 IUA20000KPA;
1226 IUA20000KPA(USB2.0);;;1226 IUA20000KPA(USB2.0);
1227 IUA20000KMA;;;1227 IUA20000KMA;
1228 IUA20000KMA(USB2.0);;;1228 IUA20000KMA(USB2.0);
122b IUB4200KMB;;;122b IUB4200KMB;
122c IUB4200KMB(USB2.0);;;122c IUB4200KMB(USB2.0);
122d IUB43000KMA;;;122d IUB43000KMA;
122e IUB43000KMA(USB2.0);;;122e IUB43000KMA(USB2.0);
122f IUC31000KMA;;;122f IUC31000KMA;
1230 IUC31000KMA(USB2.0);;;1230 IUC31000KMA(USB2.0);
1231 IUC31000KPA;;;1231 IUC31000KPA;
1232 IUC31000KPA(USB2.0);;;1232 IUC31000KPA(USB2.0);
1233 E3CMOS20000KPB;;;1233 E3CMOS20000KPB;
1234 E3CMOS20000KPB(USB2.0);;;1234 E3CMOS20000KPB(USB2.0);
1235 UA310CA;;;1235 UA310CA;
1236 UA510CA;;;1236 UA510CA;
1237 UA1000CA;;;1237 UA1000CA;
1238 UA130CA;;;1238 UA130CA;
1239 C3CMOS03500KPA;;;1239 C3CMOS03500KPA;
123a C3CMOS03500KPA(USB2.0);;;123a C3CMOS03500KPA(USB2.0);
123b C3CMOS10000KPA;;;123b C3CMOS10000KPA;
123c C3CMOS10000KPA(USB2.0);;;123c C3CMOS10000KPA(USB2.0);
123d I3ISPM05000KPA;;;123d I3ISPM05000KPA;
123e I3ISPM05000KPA(USB2.0);;;123e I3ISPM05000KPA(USB2.0);
123f I3ISPM03100KPA;;;123f I3ISPM03100KPA;
1240 I3ISPM03100KPA(USB2.0);;;1240 I3ISPM03100KPA(USB2.0);
1241 ATR3CMOS07100KPA;;;1241 ATR3CMOS07100KPA;
1242 ATR3CMOS07100KPA(USB2.0);;;1242 ATR3CMOS07100KPA(USB2.0);
1243 MTR3CMOS07100KPA;;;1243 MTR3CMOS07100KPA;
1244 MTR3CMOS07100KPA(USB2.0);;;1244 MTR3CMOS07100KPA(USB2.0);
1245 ATR3CMOS07100KMA;;;1245 ATR3CMOS07100KMA;
1246 ATR3CMOS07100KMA(USB2.0);;;1246 ATR3CMOS07100KMA(USB2.0);
1247 MTR3CMOS07100KMA;;;1247 MTR3CMOS07100KMA;
1248 MTR3CMOS07100KMA(USB2.0);;;1248 MTR3CMOS07100KMA(USB2.0);
1249 ATR3CMOS01700KPA;;;1249 ATR3CMOS01700KPA;
124a ATR3CMOS01700KPA(USB2.0);;;124a ATR3CMOS01700KPA(USB2.0);
124b MTR3CMOS01700KPA;;;124b MTR3CMOS01700KPA;
124c MTR3CMOS01700KPA(USB2.0);;;124c MTR3CMOS01700KPA(USB2.0);
124d ATR3CMOS01700KMA;;;124d ATR3CMOS01700KMA;
124e ATR3CMOS01700KMA(USB2.0);;;124e ATR3CMOS01700KMA(USB2.0);
124f MTR3CMOS01700KMA;;;124f MTR3CMOS01700KMA;
1250 MTR3CMOS01700KMA(USB2.0);;;1250 MTR3CMOS01700KMA(USB2.0);
1251 PUM02000KPA;;;1251 PUM02000KPA;
1252 E3ISPM18000KPA;;;1252 E3ISPM18000KPA;
1253 E3ISPM18000KPA(USB2.0);;;1253 E3ISPM18000KPA(USB2.0);
1254 E3ISPM20000KPB;;;1254 E3ISPM20000KPB;
1255 E3ISPM20000KPB(USB2.0);;;1255 E3ISPM20000KPB(USB2.0);
1256 E3ISPM21000KPA;;;1256 E3ISPM21000KPA;
1257 E3ISPM21000KPA(USB2.0);;;1257 E3ISPM21000KPA(USB2.0);
1258 ATR3CMOS21000KPA;;;1258 ATR3CMOS21000KPA;
1259 ATR3CMOS21000KPA(USB2.0);;;1259 ATR3CMOS21000KPA(USB2.0);
125a MTR3CMOS21000KPA;;;125a MTR3CMOS21000KPA;
125b MTR3CMOS21000KPA(USB2.0);;;125b MTR3CMOS21000KPA(USB2.0);
125c I3CMOS03100KMB;;;125c I3CMOS03100KMB;
125d I3CMOS03100KMB(USB2.0);;;125d I3CMOS03100KMB(USB2.0);
125e I3CMOS05000KMB;;;125e I3CMOS05000KMB;
125f I3CMOS05000KMB(USB2.0);;;125f I3CMOS05000KMB(USB2.0);
1260 I3ISPM03100KPB;;;1260 I3ISPM03100KPB;
1261 I3ISPM03100KPB(USB2.0);;;1261 I3ISPM03100KPB(USB2.0);
1262 I3ISPM05000KPB;;;1262 I3ISPM05000KPB;
1263 I3ISPM05000KPB(USB2.0);;;1263 I3ISPM05000KPB(USB2.0);
1264 I3CMOS00500KMA;;;1264 I3CMOS00500KMA;
1265 I3CMOS00500KMA(USB2.0);;;1265 I3CMOS00500KMA(USB2.0);
1266 I3ISPM00500KPA;;;1266 I3ISPM00500KPA;
1267 I3ISPM00500KPA(USB2.0);;;1267 I3ISPM00500KPA(USB2.0);
1268 I3CMOS06300KMA;;;1268 I3CMOS06300KMA;
1269 I3CMOS06300KMA(USB2.0);;;1269 I3CMOS06300KMA(USB2.0);
126a I3ISPM06300KPA;;;126a I3ISPM06300KPA;
126b I3ISPM06300KPA(USB2.0);;;126b I3ISPM06300KPA(USB2.0);
126e I3CMOS01500KMA;;;126e I3CMOS01500KMA;
126f I3CMOS01500KMA(USB2.0);;;126f I3CMOS01500KMA(USB2.0);
1270 I3CMOS03100KMA;;;1270 I3CMOS03100KMA;
1271 I3CMOS03100KMA(USB2.0);;;1271 I3CMOS03100KMA(USB2.0);
1272 I3CMOS03100KMB;;;1272 I3CMOS03100KMB;
1273 I3CMOS03100KMB(USB2.0);;;1273 I3CMOS03100KMB(USB2.0);
1274 I3CMOS05000KMA;;;1274 I3CMOS05000KMA;
1275 I3CMOS05000KMA(USB2.0);;;1275 I3CMOS05000KMA(USB2.0);
1276 I3CMOS05000KMB;;;1276 I3CMOS05000KMB;
1277 I3CMOS05000KMB(USB2.0);;;1277 I3CMOS05000KMB(USB2.0);
127a I3ISPM01500KPA;;;127a I3ISPM01500KPA;
127b I3ISPM01500KPA(USB2.0);;;127b I3ISPM01500KPA(USB2.0);
127c I3ISPM03100KPA;;;127c I3ISPM03100KPA;
127d I3ISPM03100KPA(USB2.0);;;127d I3ISPM03100KPA(USB2.0);
127e I3ISPM03100KPB;;;127e I3ISPM03100KPB;
127f I3ISPM03100KPB(USB2.0);;;127f I3ISPM03100KPB(USB2.0);
1280 I3ISPM05000KPA;;;1280 I3ISPM05000KPA;
1281 I3ISPM05000KPA(USB2.0);;;1281 I3ISPM05000KPA(USB2.0);
1282 I3ISPM05000KPB;;;1282 I3ISPM05000KPB;
1283 I3ISPM05000KPB(USB2.0);;;1283 I3ISPM05000KPB(USB2.0);
1284 IUA7100KPA;;;1284 IUA7100KPA;
1285 IUA7100KPA(USB2.0);;;1285 IUA7100KPA(USB2.0);
1286 IUA7100KMA;;;1286 IUA7100KMA;
1287 IUA7100KMA(USB2.0);;;1287 IUA7100KMA(USB2.0);
1288 IUA1700KPA;;;1288 IUA1700KPA;
1289 IUA1700KPA(USB2.0);;;1289 IUA1700KPA(USB2.0);
128a IUA1700KMA;;;128a IUA1700KMA;
128b IUA1700KMA(USB2.0);;;128b IUA1700KMA(USB2.0);
128c ECMOS05100KPA;;;128c ECMOS05100KPA;
128d E3ISPM15600KPA;;;128d E3ISPM15600KPA;
128e E3ISPM15600KPA(USB2.0);;;128e E3ISPM15600KPA(USB2.0);
128f IUC60000KMA;;;128f IUC60000KMA;
1290 IUC60000KMA(USB2.0);;;1290 IUC60000KMA(USB2.0);
1291 IUC60000KPA;;;1291 IUC60000KPA;
1292 IUC60000KPA(USB2.0);;;1292 IUC60000KPA(USB2.0);
1293 IUC26000KPA;;;1293 IUC26000KPA;
1294 IUC26000KPA(USB2.0);;;1294 IUC26000KPA(USB2.0);
129e GPCMOS01200KPF;;;129e GPCMOS01200KPF;
129f SL170-C-M;;;129f SL170-C-M;
12a0 SL170-C-M(USB2.0);;;12a0 SL170-C-M(USB2.0);
12a1 IUA2300KPA;;;12a1 IUA2300KPA;
12a2 IUA2300KPA(USB2.0);;;12a2 IUA2300KPA(USB2.0);
12a3 IUA2300KMA;;;12a3 IUA2300KMA;
12a4 IUA2300KMA(USB2.0);;;12a4 IUA2300KMA(USB2.0);
12a5 IUA2300KPB;;;12a5 IUA2300KPB;
12a6 IUA2300KPB(USB2.0);;;12a6 IUA2300KPB(USB2.0);
12a7 IUA2300KMB;;;12a7 IUA2300KMB;
12a8 IUA2300KMB(USB2.0);;;12a8 IUA2300KMB(USB2.0);
12ab MTR3CMOS45000KMA;;;12ab MTR3CMOS45000KMA;
12ac MTR3CMOS45000KMA(USB2.0);;;12ac MTR3CMOS45000KMA(USB2.0);
12ad C3CMOS05100KPB;;;12ad C3CMOS05100KPB;
12ae C3CMOS05100KPB(USB2.0);;;12ae C3CMOS05100KPB(USB2.0);
12af BigEye4200KMB;;;12af BigEye4200KMB;
12b0 BigEye4200KMB(USB2.0);;;12b0 BigEye4200KMB(USB2.0);
12b7 ATR3CMOS26000KPA;;;12b7 ATR3CMOS26000KPA;
12b8 ATR3CMOS26000KPA(USB2.0);;;12b8 ATR3CMOS26000KPA(USB2.0);
12b9 MTR3CMOS26000KPA;;;12b9 MTR3CMOS26000KPA;
12ba MTR3CMOS26000KPA(USB2.0);;;12ba MTR3CMOS26000KPA(USB2.0);
12bb ATR3CMOS09000KPA;;;12bb ATR3CMOS09000KPA;
12bc ATR3CMOS09000KPA(USB2.0);;;12bc ATR3CMOS09000KPA(USB2.0);
12bd MTR3CMOS09000KPA;;;12bd MTR3CMOS09000KPA;
12be MTR3CMOS09000KPA(USB2.0);;;12be MTR3CMOS09000KPA(USB2.0);
12bf ATR3CMOS26000KMA;;;12bf ATR3CMOS26000KMA;
12c0 ATR3CMOS26000KMA(USB2.0);;;12c0 ATR3CMOS26000KMA(USB2.0);
12c1 MTR3CMOS26000KMA;;;12c1 MTR3CMOS26000KMA;
12c2 MTR3CMOS26000KMA(USB2.0);;;12c2 MTR3CMOS26000KMA(USB2.0);
12c7 E3ISPM09000KPB;;;12c7 E3ISPM09000KPB;
12c8 E3ISPM09000KPB(USB2.0);;;12c8 E3ISPM09000KPB(USB2.0);
12cb E3ISPM08300KPC;;;12cb E3ISPM08300KPC;
12cc E3ISPM08300KPC(USB2.0);;;12cc E3ISPM08300KPC(USB2.0);
12cd G3CMOS21000KPA;;;12cd G3CMOS21000KPA;
12ce G3CMOS21000KPA(USB2.0);;;12ce G3CMOS21000KPA(USB2.0);
12cf ATR3CMOS10300KMA;;;12cf ATR3CMOS10300KMA;
12d0 ATR3CMOS10300KMA(USB2.0);;;12d0 ATR3CMOS10300KMA(USB2.0);
12d1 MTR3CMOS10300KMA;;;12d1 MTR3CMOS10300KMA;
12d2 MTR3CMOS10300KMA(USB2.0);;;12d2 MTR3CMOS10300KMA(USB2.0);
12d4 ITR3CMOS16000KMA;;;12d4 ITR3CMOS16000KMA;
12d5 ITR3CMOS16000KMA(USB2.0);;;12d5 ITR3CMOS16000KMA(USB2.0);
12d6 BigEye4200KMB;;;12d6 BigEye4200KMB;
12d7 BigEye4200KMB(USB2.0);;;12d7 BigEye4200KMB(USB2.0);
12d8 IUA4100KPA;;;12d8 IUA4100KPA;
12d9 IUA4100KPA(USB2.0);;;12d9 IUA4100KPA(USB2.0);
12da IUA2100KPA;;;12da IUA2100KPA;
12db IUA2100KPA(USB2.0);;;12db IUA2100KPA(USB2.0);
12de G3M462C;;;12de G3M462C;
12df G3M462C(USB2.0);;;12df G3M462C(USB2.0);
12e0 SkyEye62AC;;;12e0 SkyEye62AC;
12e1 SkyEye62AC(USB2.0);;;12e1 SkyEye62AC(USB2.0);
12e2 SkyEye62AM;;;12e2 SkyEye62AM;
12e3 SkyEye62AM(USB2.0);;;12e3 SkyEye62AM(USB2.0);
12e4 SkyEye24AC;;;12e4 SkyEye24AC;
12e5 SkyEye24AC(USB2.0);;;12e5 SkyEye24AC(USB2.0);
12e6 E3CMOS45000KMA;;;12e6 E3CMOS45000KMA;
12e7 E3CMOS45000KMA(USB2.0);;;12e7 E3CMOS45000KMA(USB2.0);
12e8 MAX62AC;;;12e8 MAX62AC;
12e9 MAX62AC(USB2.0);;;12e9 MAX62AC(USB2.0);
12ea OR455M;;;12ea OR455M;
12eb OR455M(USB2.0);;;12eb OR455M(USB2.0);
12ec MAX24AC;;;12ec MAX24AC;
12ed MAX24AC(USB2.0);;;12ed MAX24AC(USB2.0);
12ee MAX04AM;;;12ee MAX04AM;
12ef MAX04AM(USB2.0);;;12ef MAX04AM(USB2.0);
12f0 MAX04BM;;;12f0 MAX04BM;
12f1 MAX04BM(USB2.0);;;12f1 MAX04BM(USB2.0);
12f2 MAX04CM;;;12f2 MAX04CM;
12f3 MAX04CM(USB2.0);;;12f3 MAX04CM(USB2.0);
12f4 BigEye4200KMD;;;12f4 BigEye4200KMD;
12f5 BigEye4200KMD(USB2.0);;;12f5 BigEye4200KMD(USB2.0);
12f6 MTR3CMOS08300KPA;;;12f6 MTR3CMOS08300KPA;
12f7 MTR3CMOS08300KPA(USB2.0);;;12f7 MTR3CMOS08300KPA(USB2.0);
12fa BigEye4200KMC;;;12fa BigEye4200KMC;
12fb BigEye4200KMC(USB2.0);;;12fb BigEye4200KMC(USB2.0);
12fc BigEye4200KME;;;12fc BigEye4200KME;
12fd BigEye4200KME(USB2.0);;;12fd BigEye4200KME(USB2.0);
12fe BigEye4200KMA;;;12fe BigEye4200KMA;
12ff BigEye4200KMA(USB2.0);;;12ff BigEye4200KMA(USB2.0);
1300 E3ISPM45000KPA;;;1300 E3ISPM45000KPA;
1301 E3ISPM45000KPA(USB2.0);;;1301 E3ISPM45000KPA(USB2.0);
1302 G3CMOS08300KPA;;;1302 G3CMOS08300KPA;
1303 G3CMOS08300KPA(USB2.0);;;1303 G3CMOS08300KPA(USB2.0);
1304 E3ISPM02100KPA;;;1304 E3ISPM02100KPA;
1305 E3ISPM02100KPA(USB2.0);;;1305 E3ISPM02100KPA(USB2.0);
1306 ITR3CMOS45000KMA;;;1306 ITR3CMOS45000KMA;
1307 ITR3CMOS45000KMA(USB2.0);;;1307 ITR3CMOS45000KMA(USB2.0);
1308 ITR3CMOS07100KMA;;;1308 ITR3CMOS07100KMA;
1309 ITR3CMOS07100KMA(USB2.0);;;1309 ITR3CMOS07100KMA(USB2.0);
130c ITR3CMOS07100KPA;;;130c ITR3CMOS07100KPA;
130d ITR3CMOS07100KPA(USB2.0);;;130d ITR3CMOS07100KPA(USB2.0);
1310 ITR3CMOS08300KPA;;;1310 ITR3CMOS08300KPA;
1311 ITR3CMOS08300KPA(USB2.0);;;1311 ITR3CMOS08300KPA(USB2.0);
1312 E3ISPM32000KPA;;;1312 E3ISPM32000KPA;
1313 E3ISPM32000KPA(USB2.0);;;1313 E3ISPM32000KPA(USB2.0);
1314 E3ISPM08000KPA;;;1314 E3ISPM08000KPA;
1315 E3ISPM08000KPA(USB2.0);;;1315 E3ISPM08000KPA(USB2.0);
1316 IUC26000KMA;;;1316 IUC26000KMA;
1317 IUC26000KMA(USB2.0);;;1317 IUC26000KMA(USB2.0);
1318 MTR3CMOS10300KPA;;;1318 MTR3CMOS10300KPA;
1319 MTR3CMOS10300KPA(USB2.0);;;1319 MTR3CMOS10300KPA(USB2.0);
131a IUA5000KPA;;;131a IUA5000KPA;
131b IUA5000KPA(USB2.0);;;131b IUA5000KPA(USB2.0);
1322 E3ISPM45000KPA;;;1322 E3ISPM45000KPA;
1323 E3ISPM45000KPA(USB2.0);;;1323 E3ISPM45000KPA(USB2.0);
1324 E3ISPM32000KPA;;;1324 E3ISPM32000KPA;
1325 E3ISPM32000KPA(USB2.0);;;1325 E3ISPM32000KPA(USB2.0);
1328 E3ISPM20000KPC;;;1328 E3ISPM20000KPC;
1329 E3ISPM20000KPC(USB2.0);;;1329 E3ISPM20000KPC(USB2.0);
132a ECMOS00500KMA;;;132a ECMOS00500KMA;
132b E3ISPM12000KPB;;;132b E3ISPM12000KPB;
132c E3ISPM12000KPB(USB2.0);;;132c E3ISPM12000KPB(USB2.0);
132d BigEye1300KMA;;;132d BigEye1300KMA;
132e BigEye1300KMA(USB2.0);;;132e BigEye1300KMA(USB2.0);
1330 BigEye10000KPA;;;1330 BigEye10000KPA;
1331 BigEye10000KPA(USB2.0);;;1331 BigEye10000KPA(USB2.0);
1332 SWIR1300KMA;;;1332 SWIR1300KMA;
1333 SWIR1300KMA(USB2.0);;;1333 SWIR1300KMA(USB2.0);
1334 GPCMOS01200KPF;;;1334 GPCMOS01200KPF;
1335 IUA2300KPB;;;1335 IUA2300KPB;
1336 IUA2300KPB(USB2.0);;;1336 IUA2300KPB(USB2.0);
1337 IUA1300KMA;;;1337 IUA1300KMA;
1338 IUA1300KMA(USB2.0);;;1338 IUA1300KMA(USB2.0);
1339 IUA4200KMA;;;1339 IUA4200KMA;
133a IUA4200KMA(USB2.0);;;133a IUA4200KMA(USB2.0);
133b IUA4200KMB;;;133b IUA4200KMB;
133c IUA4200KMB(USB2.0);;;133c IUA4200KMB(USB2.0);
1341 IUA4200KME;;;1341 IUA4200KME;
1342 IUA4200KME(USB2.0);;;1342 IUA4200KME(USB2.0);
1343 E3CMOS45000KMA;;;1343 E3CMOS45000KMA;
1344 E3CMOS45000KMA(USB2.0);;;1344 E3CMOS45000KMA(USB2.0);
1345 UA310CB;;;1345 UA310CB;
1346 UA510CA;;;1346 UA510CA;
1349 UA1000CA;;;1349 UA1000CA;
134b E3ISPM06300KPB;;;134b E3ISPM06300KPB;
134c E3ISPM06300KPB(USB2.0);;;134c E3ISPM06300KPB(USB2.0);
1351 IUA20400KMA;;;1351 IUA20400KMA;
1352 IUA20400KMA(USB2.0);;;1352 IUA20400KMA(USB2.0);
1353 IUA20400KPA;;;1353 IUA20400KPA;
1354 IUA20400KPA(USB2.0);;;1354 IUA20400KPA(USB2.0);
1365 CTR3CMOS00400KMA;;;1365 CTR3CMOS00400KMA;
1366 CTR3CMOS00400KMA(USB2.0);;;1366 CTR3CMOS00400KMA(USB2.0);
1367 GPCMOS02000KPA;;;1367 GPCMOS02000KPA;
1369 GPCMOS02000KPB;;;1369 GPCMOS02000KPB;
136e CytoCam06300KMA;;;136e CytoCam06300KMA;
136f I3ISPM02300KPA;;;136f I3ISPM02300KPA;
1370 I3ISPM02300KPA(USB2.0);;;1370 I3ISPM02300KPA(USB2.0);
1371 I3CMOS02300KPA;;;1371 I3CMOS02300KPA;
1372 I3CMOS02300KPA(USB2.0);;;1372 I3CMOS02300KPA(USB2.0);
1373 IUA8300KPA;;;1373 IUA8300KPA;
1374 IUA8300KPA(USB2.0);;;1374 IUA8300KPA(USB2.0);
1375 C3CMOS05100KPA;;;1375 C3CMOS05100KPA;
1376 C3CMOS05100KPA(USB2.0);;;1376 C3CMOS05100KPA(USB2.0);
1377 C3CMOS10000KPA;;;1377 C3CMOS10000KPA;
1378 C3CMOS10000KPA(USB2.0);;;1378 C3CMOS10000KPA(USB2.0);
137b UCMOS05100KPA;;;137b UCMOS05100KPA;
137e UCMOS10000KPA;;;137e UCMOS10000KPA;
137f UCMOS12000KPA;;;137f UCMOS12000KPA;
1380 UA510CA;;;1380 UA510CA;
1381 ECMOS03100KPA;;;1381 ECMOS03100KPA;
1382 IUA503KMA;;;1382 IUA503KMA;
1383 IUA503KMA(USB2.0);;;1383 IUA503KMA(USB2.0);
1384 IUA390KMA;;;1384 IUA390KMA;
1385 IUA390KMA(USB2.0);;;1385 IUA390KMA(USB2.0);
1388 E3ISPM08300KPD;;;1388 E3ISPM08300KPD;
1389 E3ISPM08300KPD(USB2.0);;;1389 E3ISPM08300KPD(USB2.0);
138a SWIR1300KMA;;;138a SWIR1300KMA;
138b SWIR1300KMA(USB2.0);;;138b SWIR1300KMA(USB2.0);
138c NK6200KMA;;;138c NK6200KMA;
138d NK6200KMA(USB2.0);;;138d NK6200KMA(USB2.0);
138e E3ISPM45000KPB;;;138e E3ISPM45000KPB;
138f E3ISPM45000KPB(USB2.0);;;138f E3ISPM45000KPB(USB2.0);
1390 U3CMOS12000KPA;;;1390 U3CMOS12000KPA;
1391 U3CMOS12000KPA(USB2.0);;;1391 U3CMOS12000KPA(USB2.0);
1392 L3CMOS05100KPA;;;1392 L3CMOS05100KPA;
1393 L3CMOS05100KPA(USB2.0);;;1393 L3CMOS05100KPA(USB2.0);
1394 L3CMOS10000KPA;;;1394 L3CMOS10000KPA;
1395 L3CMOS10000KPA(USB2.0);;;1395 L3CMOS10000KPA(USB2.0);
1396 LCMOS05100KPA;;;1396 LCMOS05100KPA;
1397 LCMOS10000KPA;;;1397 LCMOS10000KPA;
1398 LCMOS12000KPA;;;1398 LCMOS12000KPA;
1399 U3CMOS05100KPA;;;1399 U3CMOS05100KPA;
139a U3CMOS05100KPA(USB2.0);;;139a U3CMOS05100KPA(USB2.0);
139b U3CMOS10000KPA;;;139b U3CMOS10000KPA;
139c U3CMOS10000KPA(USB2.0);;;139c U3CMOS10000KPA(USB2.0);
139d CTR3CMOS00390KMA;;;139d CTR3CMOS00390KMA;
139e CTR3CMOS00390KMA(USB2.0);;;139e CTR3CMOS00390KMA(USB2.0);
13a1 U3CMOS08500KPA;;;13a1 U3CMOS08500KPA;
13a2 U3CMOS08500KPA(USB2.0);;;13a2 U3CMOS08500KPA(USB2.0);
13a3 L3CMOS08500KPA;;;13a3 L3CMOS08500KPA;
13a4 L3CMOS08500KPA(USB2.0);;;13a4 L3CMOS08500KPA(USB2.0);
13a5 UCMOS08000KPB;;;13a5 UCMOS08000KPB;
13a6 UCMOS09000KPB;;;13a6 UCMOS09000KPB;
13a7 LCMOS08000KPA;;;13a7 LCMOS08000KPA;
13a8 LCMOS09000KPA;;;13a8 LCMOS09000KPA;
13a9 E3ISPM08300KPE;;;13a9 E3ISPM08300KPE;
13aa E3ISPM08300KPE(USB2.0);;;13aa E3ISPM08300KPE(USB2.0);
13ad E3ISPM25000KPA;;;13ad E3ISPM25000KPA;
13ae E3ISPM25000KPA(USB2.0);;;13ae E3ISPM25000KPA(USB2.0);
13af ATR3CMOS09000KMA;;;13af ATR3CMOS09000KMA;
13b0 ATR3CMOS09000KMA(USB2.0);;;13b0 ATR3CMOS09000KMA(USB2.0);
13b1 IUA1500KPA;;;13b1 IUA1500KPA;
13b2 IUA1500KPA(USB2.0);;;13b2 IUA1500KPA(USB2.0);
13b3 IUA1500KMA;;;13b3 IUA1500KMA;
13b4 IUA1500KMA(USB2.0);;;13b4 IUA1500KMA(USB2.0);
13b5 IUA503KMB;;;13b5 IUA503KMB;
13b6 IUA503KMB(USB2.0);;;13b6 IUA503KMB(USB2.0);
13b7 SCCCD06AM;;;13b7 SCCCD06AM;
13b8 SCCCD06AM(USB2.0);;;13b8 SCCCD06AM(USB2.0);
13b9 I3ISPM02300KPB;;;13b9 I3ISPM02300KPB;
13ba I3ISPM02300KPB(USB2.0);;;13ba I3ISPM02300KPB(USB2.0);
13bd I3CMOS02300KMB;;;13bd I3CMOS02300KMB;
13be I3CMOS02300KMB(USB2.0);;;13be I3CMOS02300KMB(USB2.0);
13bf SWIR330KMA;;;13bf SWIR330KMA;
13c0 SWIR330KMA(USB2.0);;;13c0 SWIR330KMA(USB2.0);
13c1 BigEye10000KPA;;;13c1 BigEye10000KPA;
13c2 BigEye10000KPA(USB2.0);;;13c2 BigEye10000KPA(USB2.0);
13c3 LCMOS03100KPB;;;13c3 LCMOS03100KPB;
13c4 MAX04AM;;;13c4 MAX04AM;
13c5 MAX04AM(USB2.0);;;13c5 MAX04AM(USB2.0);
13c8 IUA390KMA;;;13c8 IUA390KMA;
13c9 IUA390KMA(USB2.0);;;13c9 IUA390KMA(USB2.0);
13ca IUA2800KMA;;;13ca IUA2800KMA;
13cb IUA2800KMA(USB2.0);;;13cb IUA2800KMA(USB2.0);
13cc IUA2800KPA;;;13cc IUA2800KPA;
13cd IUA2800KPA(USB2.0);;;13cd IUA2800KPA(USB2.0);
13ce IUA45000KMA;;;13ce IUA45000KMA;
13cf IUA45000KMA(USB2.0);;;13cf IUA45000KMA(USB2.0);
13d0 IUA503KMB;;;13d0 IUA503KMB;
13d1 IUA503KMB(USB2.0);;;13d1 IUA503KMB(USB2.0);
13d2 IUA5000KPA;;;13d2 IUA5000KPA;
13d3 IUA5000KPA(USB2.0);;;13d3 IUA5000KPA(USB2.0);
13d4 IUA5000KMA;;;13d4 IUA5000KMA;
13d5 IUA5000KMA(USB2.0);;;13d5 IUA5000KMA(USB2.0);
13d6 MAX04BM;;;13d6 MAX04BM;
13d7 MAX04BM(USB2.0);;;13d7 MAX04BM(USB2.0);
13d8 MAX04CM;;;13d8 MAX04CM;
13d9 MAX04CM(USB2.0);;;13d9 MAX04CM(USB2.0);
13da ATR3CMOS26000KPA;;;13da ATR3CMOS26000KPA;
13db ATR3CMOS26000KPA(USB2.0);;;13db ATR3CMOS26000KPA(USB2.0);
13dc MTR3CMOS26000KPA;;;13dc MTR3CMOS26000KPA;
13dd MTR3CMOS26000KPA(USB2.0);;;13dd MTR3CMOS26000KPA(USB2.0);
13de MTR3CMOS26000KMA;;;13de MTR3CMOS26000KMA;
13df MTR3CMOS26000KMA(USB2.0);;;13df MTR3CMOS26000KMA(USB2.0);
13e2 IUA8000KMA;;;13e2 IUA8000KMA;
13e3 IUA8000KMA(USB2.0);;;13e3 IUA8000KMA(USB2.0);
13e4 MTR3CMOS07100KPA;;;13e4 MTR3CMOS07100KPA;
13e5 MTR3CMOS07100KPA(USB2.0);;;13e5 MTR3CMOS07100KPA(USB2.0);
13e6 MTR3CMOS07100KMA;;;13e6 MTR3CMOS07100KMA;
13e7 MTR3CMOS07100KMA(USB2.0);;;13e7 MTR3CMOS07100KMA(USB2.0);
13ea ITR3CMOS00500KMA;;;13ea ITR3CMOS00500KMA;
13eb ITR3CMOS00500KMA(USB2.0);;;13eb ITR3CMOS00500KMA(USB2.0);
13ec CTR3CMOS07100KMA;;;13ec CTR3CMOS07100KMA;
13ed CTR3CMOS07100KMA(USB2.0);;;13ed CTR3CMOS07100KMA(USB2.0);
13f0 CTR3CMOS20000KMA;;;13f0 CTR3CMOS20000KMA;
13f1 CTR3CMOS20000KMA(USB2.0);;;13f1 CTR3CMOS20000KMA(USB2.0);
13f2 CTR3CMOS20000KPA;;;13f2 CTR3CMOS20000KPA;
13f3 CTR3CMOS20000KPA(USB2.0);;;13f3 CTR3CMOS20000KPA(USB2.0);
13f6 IUA4100KPA;;;13f6 IUA4100KPA;
13f7 IUA4100KPA(USB2.0);;;13f7 IUA4100KPA(USB2.0);
13f8 SWIR1300KMB;;;13f8 SWIR1300KMB;
13f9 SWIR1300KMB(USB2.0);;;13f9 SWIR1300KMB(USB2.0);
13fc CTR3CMOS45000KMA;;;13fc CTR3CMOS45000KMA;
13fd CTR3CMOS45000KMA(USB2.0);;;13fd CTR3CMOS45000KMA(USB2.0);
1402 IUA1700KPA;;;1402 IUA1700KPA;
1403 IUA1700KPA(USB2.0);;;1403 IUA1700KPA(USB2.0);
1406 IUA45000KMA;;;1406 IUA45000KMA;
1407 IUA45000KMA(USB2.0);;;1407 IUA45000KMA(USB2.0);
1408 IUA6300KPA;;;1408 IUA6300KPA;
1409 IUA6300KPA(USB2.0);;;1409 IUA6300KPA(USB2.0);
140a IUA5000KPA;;;140a IUA5000KPA;
140b IUA5000KPA(USB2.0);;;140b IUA5000KPA(USB2.0);
140c ITR3CMOS45000KMA;;;140c ITR3CMOS45000KMA;
140d ITR3CMOS45000KMA(USB2.0);;;140d ITR3CMOS45000KMA(USB2.0);
140e ITR3CMOS10300KPA;;;140e ITR3CMOS10300KPA;
140f ITR3CMOS10300KPA(USB2.0);;;140f ITR3CMOS10300KPA(USB2.0);
1410 ITR3CMOS26000KPA;;;1410 ITR3CMOS26000KPA;
1411 ITR3CMOS26000KPA(USB2.0);;;1411 ITR3CMOS26000KPA(USB2.0);
1412 ITR3CMOS26000KMA;;;1412 ITR3CMOS26000KMA;
1413 ITR3CMOS26000KMA(USB2.0);;;1413 ITR3CMOS26000KMA(USB2.0);
1414 ITR3CMOS09000KPA;;;1414 ITR3CMOS09000KPA;
1415 ITR3CMOS09000KPA(USB2.0);;;1415 ITR3CMOS09000KPA(USB2.0);
1416 ITR3CMOS09000KMA;;;1416 ITR3CMOS09000KMA;
1417 ITR3CMOS09000KMA(USB2.0);;;1417 ITR3CMOS09000KMA(USB2.0);
1418 ITR3CMOS20000KPA;;;1418 ITR3CMOS20000KPA;
1419 ITR3CMOS20000KPA(USB2.0);;;1419 ITR3CMOS20000KPA(USB2.0);
141a ITR3CMOS20000KMA;;;141a ITR3CMOS20000KMA;
141b ITR3CMOS20000KMA(USB2.0);;;141b ITR3CMOS20000KMA(USB2.0);
141c MTR3CMOS09000KPA;;;141c MTR3CMOS09000KPA;
141d MTR3CMOS09000KPA(USB2.0);;;141d MTR3CMOS09000KPA(USB2.0);
141e MTR3CMOS09000KMA;;;141e MTR3CMOS09000KMA;
141f MTR3CMOS09000KMA(USB2.0);;;141f MTR3CMOS09000KMA(USB2.0);
1420 MTR3CMOS20000KPA;;;1420 MTR3CMOS20000KPA;
1421 MTR3CMOS20000KPA(USB2.0);;;1421 MTR3CMOS20000KPA(USB2.0);
1422 MTR3CMOS20000KMA;;;1422 MTR3CMOS20000KMA;
1423 MTR3CMOS20000KMA(USB2.0);;;1423 MTR3CMOS20000KMA(USB2.0);
1424 ATR3CMOS09000KMA;;;1424 ATR3CMOS09000KMA;
1425 ATR3CMOS09000KMA(USB2.0);;;1425 ATR3CMOS09000KMA(USB2.0);
1426 ATR3CMOS09000KPA;;;1426 ATR3CMOS09000KPA;
1427 ATR3CMOS09000KPA(USB2.0);;;1427 ATR3CMOS09000KPA(USB2.0);
1428 ATR3CMOS26000KMA;;;1428 ATR3CMOS26000KMA;
1429 ATR3CMOS26000KMA(USB2.0);;;1429 ATR3CMOS26000KMA(USB2.0);
1430 UCMOS03100KPB;;;1430 UCMOS03100KPB;
1431 IUA8300KPB;;;1431 IUA8300KPB;
1432 IUA8300KPB(USB2.0);;;1432 IUA8300KPB(USB2.0);
1433 ATR3CMOS10300KPA;;;1433 ATR3CMOS10300KPA;
1434 ATR3CMOS10300KPA(USB2.0);;;1434 ATR3CMOS10300KPA(USB2.0);
1435 ATR3CMOS08300KPA;;;1435 ATR3CMOS08300KPA;
1436 ATR3CMOS08300KPA(USB2.0);;;1436 ATR3CMOS08300KPA(USB2.0);
1437 ITR3CMOS10300KMA;;;1437 ITR3CMOS10300KMA;
1438 ITR3CMOS10300KMA(USB2.0);;;1438 ITR3CMOS10300KMA(USB2.0);
1439 MTR3CMOS10300KMA;;;1439 MTR3CMOS10300KMA;
143a MTR3CMOS10300KMA(USB2.0);;;143a MTR3CMOS10300KMA(USB2.0);
143b MTR3CMOS10300KPA;;;143b MTR3CMOS10300KPA;
143c MTR3CMOS10300KPA(USB2.0);;;143c MTR3CMOS10300KPA(USB2.0);
143d MTR3CMOS45000KMA;;;143d MTR3CMOS45000KMA;
143e MTR3CMOS45000KMA(USB2.0);;;143e MTR3CMOS45000KMA(USB2.0);
143f ATR3CMOS10300KMA;;;143f ATR3CMOS10300KMA;
1440 ATR3CMOS10300KMA(USB2.0);;;1440 ATR3CMOS10300KMA(USB2.0);
1441 ATR3CMOS07100KPA;;;1441 ATR3CMOS07100KPA;
1442 ATR3CMOS07100KPA(USB2.0);;;1442 ATR3CMOS07100KPA(USB2.0);
1443 ATR3CMOS20000KPA;;;1443 ATR3CMOS20000KPA;
1444 ATR3CMOS20000KPA(USB2.0);;;1444 ATR3CMOS20000KPA(USB2.0);
1445 ATR3CMOS20000KMA;;;1445 ATR3CMOS20000KMA;
1446 ATR3CMOS20000KMA(USB2.0);;;1446 ATR3CMOS20000KMA(USB2.0);
1447 ITR3CMOS08300KPA;;;1447 ITR3CMOS08300KPA;
1448 ITR3CMOS08300KPA(USB2.0);;;1448 ITR3CMOS08300KPA(USB2.0);
1449 MTR3CMOS08300KPA;;;1449 MTR3CMOS08300KPA;
144a MTR3CMOS08300KPA(USB2.0);;;144a MTR3CMOS08300KPA(USB2.0);
1455 I3ISPM05000KPB;;;1455 I3ISPM05000KPB;
1456 I3ISPM05000KPB(USB2.0);;;1456 I3ISPM05000KPB(USB2.0);
2106 U3CCD06000KPA;;;1465 ATR3CMOS01700KPA;
2107 U3CCD06000KPA(USB2.0);;;1466 ATR3CMOS01700KPA(USB2.0);
3010 U3CMOS10000KPA;;;1467 IUA500KMA;
3014 U3CMOS14000KPA;;;1468 IUA500KMA(USB2.0);
3016 U3CMOS16000KPA;;;2106 U3CCD06000KPA;
3018 U3CMOS18000KPA;;;2107 U3CCD06000KPA(USB2.0);
3310 U3CMOS03100KPA;;;3010 U3CMOS10000KPA;
3312 U3CMOS03100KPB;;;3014 U3CMOS14000KPA;
3314 U3CMOS03100KPC;;;3016 U3CMOS16000KPA;
3510 U3CMOS05100KPA;;;3018 U3CMOS18000KPA;
3511 U3CMOS05100KPA;;;3310 U3CMOS03100KPA;
3723 E3CMOS02300KPA;;;3312 U3CMOS03100KPB;
3731 E3CMOS03100KPA;;;3314 U3CMOS03100KPC;
3850 U3CMOS08500KPA;;;3510 U3CMOS05100KPA;
3b14 U3CMOS14000KPA;;;3511 U3CMOS05100KPA;
3bb4 U3CMOS14000KPB;;;3723 E3CMOS02300KPA;
4000 E3CMOS06300KPA;;;3731 E3CMOS03100KPA;
4001 E3CMOS06300KPA(USB2.0);;;3850 U3CMOS08500KPA;
4002 E3CMOS12000KPA;;;3b14 U3CMOS14000KPA;
4003 E3CMOS12000KPA(USB2.0);;;3bb4 U3CMOS14000KPB;
4004 U3CCD02800KPA;;;4000 E3CMOS06300KPA;
4005 U3CCD02800KPA(USB2.0);;;4001 E3CMOS06300KPA(USB2.0);
4006 E3CMOS02300KPB;;;4002 E3CMOS12000KPA;
4007 E3CMOS02300KPB(USB2.0);;;4003 E3CMOS12000KPA(USB2.0);
4008 E3CMOS03100KPB;;;4004 U3CCD02800KPA;
4009 E3CMOS03100KPB(USB2.0);;;4005 U3CCD02800KPA(USB2.0);
400a MTR3CCD06000KPA;;;4006 E3CMOS02300KPB;
400b MTR3CCD06000KPA(USB2.0);;;4007 E3CMOS02300KPB(USB2.0);
400c EP3CMOS02300KPA;;;4008 E3CMOS03100KPB;
400d EP3CMOS02300KPA(USB2.0);;;4009 E3CMOS03100KPB(USB2.0);
4010 U3CMOS10000KPA(USB2.0);;;400a MTR3CCD06000KPA;
4014 U3CMOS14000KPA(USB2.0);;;400b MTR3CCD06000KPA(USB2.0);
4016 U3CMOS16000KPA(USB2.0);;;400c EP3CMOS02300KPA;
4018 U3CMOS18000KPA(USB2.0);;;400d EP3CMOS02300KPA(USB2.0);
4020 MTR3CCD01400KPA;;;4010 U3CMOS10000KPA(USB2.0);
4021 MTR3CCD01400KPA(USB2.0);;;4014 U3CMOS14000KPA(USB2.0);
4310 U3CMOS03100KPA(USB2.0);;;4016 U3CMOS16000KPA(USB2.0);
4312 U3CMOS03100KPB(USB2.0);;;4018 U3CMOS18000KPA(USB2.0);
4314 U3CMOS03100KPC(USB2.0);;;4020 MTR3CCD01400KPA;
4510 U3CMOS05100KPA(USB2.0);;;4021 MTR3CCD01400KPA(USB2.0);
4511 U3CMOS05100KPA(USB2.0);;;4310 U3CMOS03100KPA(USB2.0);
4723 E3CMOS02300KPA(USB2.0);;;4312 U3CMOS03100KPB(USB2.0);
4731 E3CMOS03100KPA(USB2.0);;;4314 U3CMOS03100KPC(USB2.0);
4850 U3CMOS08500KPA(USB2.0);;;4510 U3CMOS05100KPA(USB2.0);
4b14 U3CMOS14000KPA(USB2.0);;;4511 U3CMOS05100KPA(USB2.0);
4bb4 U3CMOS14000KPB(USB2.0);;;4723 E3CMOS02300KPA(USB2.0);
5002 UCMOS02000KPC;;;4731 E3CMOS03100KPA(USB2.0);
5003 UCMOS03100KPB;;;4850 U3CMOS08500KPA(USB2.0);
6010 UCMOS10000KPA;;;4b14 U3CMOS14000KPA(USB2.0);
6014 UCMOS14000KPA;;;4bb4 U3CMOS14000KPB(USB2.0);
6035 UCMOS00350KPA;;;5002 UCMOS02000KPC;
6121 UCMOS01200KMA;;;5003 UCMOS03100KPB;
6122 UCMOS01200KPB;;;6010 UCMOS10000KPA;
6130 UCMOS01300KPA;;;6014 UCMOS14000KPA;
6131 UCMOS01300KMA;;;6035 UCMOS00350KPA;
6200 UCMOS02000KPA;;;6121 UCMOS01200KMA;
6201 UCMOS02000KPB;;;6122 UCMOS01200KPB;
6310 UCMOS03100KPA;;;6130 UCMOS01300KPA;
6510 UCMOS05100KPA;;;6131 UCMOS01300KMA;
6511 UCMOS05100KMA;;;6200 UCMOS02000KPA;
6512 UCMOS05100KPA;;;6201 UCMOS02000KPB;
6518 UCMOS05100KPC;;;6310 UCMOS03100KPA;
6800 UCMOS08000KPA;;;6510 UCMOS05100KPA;
6801 UCMOS08000KPB;;;6511 UCMOS05100KMA;
6900 UCMOS09000KPA;;;6512 UCMOS05100KPA;
6901 UCMOS09000KPB;;;6518 UCMOS05100KPC;
6b10 WCMOS10000KPA;;;6800 UCMOS08000KPA;
7140 UHCCD01400KMA;;;6801 UCMOS08000KPB;
7141 UHCCD01400KMB;;;6900 UCMOS09000KPA;
7808 UCMOS08000KPB;;;6901 UCMOS09000KPB;
8031 EXCCD00300KMA;;;6b10 WCMOS10000KPA;
8044 EXCCD00440KPA;;;7140 UHCCD01400KMA;
8045 EXCCD00440KMA;;;7141 UHCCD01400KMB;
8046 EXCCD00440KPB;;;7808 UCMOS08000KPB;
8047 EXCCD00440KMB;;;8031 EXCCD00300KMA;
804a EXCCD00440KPB;;;8044 EXCCD00440KPA;
804b EXCCD00440KPA;;;8045 EXCCD00440KMA;
804c EXCCD00440KMB;;;8046 EXCCD00440KPB;
804d EXCCD00440KMA;;;8047 EXCCD00440KMB;
805a EXCCD00440KPB;;;804a EXCCD00440KPB;
8080 UHCCD00800KPA;;;804b EXCCD00440KPA;
8140 UHCCD01400KPA;;;804c EXCCD00440KMB;
8141 EXCCD01400KPA;;;804d EXCCD00440KMA;
8142 EXCCD01400KMA;;;805a EXCCD00440KPB;
8146 UHCCD01400KPB;;;8080 UHCCD00800KPA;
8148 UHCCD01400KPB;;;8140 UHCCD01400KPA;
8149 UHCCD01400KMB;;;8141 EXCCD01400KPA;
814d EXCCD01400KPA;;;8142 EXCCD01400KMA;
814e EXCCD01400KPA;;;8146 UHCCD01400KPB;
814f EXCCD01400KMA;;;8148 UHCCD01400KPB;
8200 UHCCD02000KPA;;;8149 UHCCD01400KMB;
8206 UHCCD02000KPA;;;814d EXCCD01400KPA;
8306 EXCCD00300KMA;;;814e EXCCD01400KPA;
8307 EXCCD00300KMA;;;814f EXCCD01400KMA;
8309 EXCCD00300KMA;;;8200 UHCCD02000KPA;
830a EXCCD00300KPA;;;8206 UHCCD02000KPA;
8311 UHCCD03100KPB;;;8306 EXCCD00300KMA;
8316 UHCCD03100KPB;;;8307 EXCCD00300KMA;
8500 UHCCD05000KPA;;;8309 EXCCD00300KMA;
8506 UHCCD05000KPA;;;830a EXCCD00300KPA;
8510 UHCCD05100KPA;;;8311 UHCCD03100KPB;
8516 UHCCD05100KPA;;;8316 UHCCD03100KPB;
8520 UHCCD05200KPA;;;8500 UHCCD05000KPA;
8526 UHCCD05200KPA;;;8506 UHCCD05000KPA;
8527 UHCCD05200KMA;;;8510 UHCCD05100KPA;
9141 SCCCD01400KPA;;;8516 UHCCD05100KPA;
9142 SCCCD01400KMA;;;8520 UHCCD05200KPA;
9143 SCCCD01400KMB;;;8526 UHCCD05200KPA;
9146 SCCCD01400KPB;;;8527 UHCCD05200KMA;
9520 SCCCD05200KPA;;;9141 SCCCD01400KPA;
a010 ICMOS10000KPA;;;9142 SCCCD01400KMA;
a014 ICMOS14000KPA;;;9143 SCCCD01400KMB;
a131 ICMOS01300KMA;;;9146 SCCCD01400KPB;
a310 ICMOS03100KPA;;;9520 SCCCD05200KPA;
a312 ICMOS03100KPA;;;a010 ICMOS10000KPA;
b121 GCMOS01200KMA;;;a014 ICMOS14000KPA;
b122 GCMOS01200KPB;;;a131 ICMOS01300KMA;
b123 GCMOS01200KPB;;;a310 ICMOS03100KPA;
b124 GCMOS01200KMB;;;a312 ICMOS03100KPA;
b133 GCMOS01200KPB;;;b121 GCMOS01200KMA;
b134 GCMOS01200KMB;;;b122 GCMOS01200KPB;
b135 GCMOS01200KMA;;;b123 GCMOS01200KPB;
b136 GCMOS01200KMB;;;b124 GCMOS01200KMB;
b310 GCMOS03100KPA;;;b133 GCMOS01200KPB;
bf10 FILTERWHEEL;;;b134 GCMOS01200KMB;
c010 L3CMOS10000KPA;;;b135 GCMOS01200KMA;
c014 L3CMOS14000KPA;;;b136 GCMOS01200KMB;
c310 L3CMOS03100KPA;;;b310 GCMOS03100KPA;
c312 L3CMOS03100KPB;;;bf10 FILTERWHEEL;
c510 L3CMOS05100KPA;;;c010 L3CMOS10000KPA;
c850 L3CMOS08500KPA;;;c014 L3CMOS14000KPA;
cb14 L3CMOS14000KPA;;;c310 L3CMOS03100KPA;
d010 L3CMOS10000KPA(USB2.0);;;c312 L3CMOS03100KPB;
d014 L3CMOS14000KPA(USB2.0);;;c510 L3CMOS05100KPA;
d310 L3CMOS03100KPA(USB2.0);;;c850 L3CMOS08500KPA;
d312 L3CMOS03100KPB(USB2.0);;;cb14 L3CMOS14000KPA;
d510 L3CMOS05100KPA(USB2.0);;;d010 L3CMOS10000KPA(USB2.0);
d850 L3CMOS08500KPA(USB2.0);;;d014 L3CMOS14000KPA(USB2.0);
db14 L3CMOS14000KPA(USB2.0);;;d310 L3CMOS03100KPA(USB2.0);
e217 G3CMOS02300KPA(USB2.0);;;d312 L3CMOS03100KPB(USB2.0);
e317 G3CMOS02300KPA;;;d510 L3CMOS05100KPA(USB2.0);
f010 LCMOS10000KPA;;;d850 L3CMOS08500KPA(USB2.0);
f014 LCMOS14000KPA;;;db14 L3CMOS14000KPA(USB2.0);
f130 LCMOS01300KPA;;;e217 G3CMOS02300KPA(USB2.0);
f132 LCMOS01200KPB;;;e317 G3CMOS02300KPA;
f200 LCMOS02000KPA;;;f010 LCMOS10000KPA;
f310 LCMOS03100KPA;;;f014 LCMOS14000KPA;
f312 LCMOS03100KPB;;;f130 LCMOS01300KPA;
f510 LCMOS05100KPA;;;f132 LCMOS01200KPB;
f800 LCMOS08000KPA;;;f200 LCMOS02000KPA;
f900 LCMOS09000KPA;;;f310 LCMOS03100KPA;
fc15 ICMOS14000KPC;;;f312 LCMOS03100KPB;
;;;f510 LCMOS05100KPA;
;;;f800 LCMOS08000KPA;
;;;f900 LCMOS09000KPA;
;;;fc15 ICMOS14000KPC;